{
    "name": "root",
    "gauges": {
        "Anime.Policy.Entropy.mean": {
            "value": 0.881347119808197,
            "min": 0.881347119808197,
            "max": 1.4187332391738892,
            "count": 100
        },
        "Anime.Policy.Entropy.sum": {
            "value": 88117.96875,
            "min": 88117.96875,
            "max": 142293.265625,
            "count": 100
        },
        "Anime.Environment.EpisodeLength.mean": {
            "value": 1.0830521184851893,
            "min": 1.0830521184851893,
            "max": 5.69001270988026,
            "count": 100
        },
        "Anime.Environment.EpisodeLength.sum": {
            "value": 51993.0,
            "min": 51993.0,
            "max": 85060.0,
            "count": 100
        },
        "Anime.Step.mean": {
            "value": 9999999.0,
            "min": 99995.0,
            "max": 9999999.0,
            "count": 100
        },
        "Anime.Step.sum": {
            "value": 9999999.0,
            "min": 99995.0,
            "max": 9999999.0,
            "count": 100
        },
        "Anime.Policy.ExtrinsicValueEstimate.mean": {
            "value": -1.2139142751693726,
            "min": -4.282782554626465,
            "max": -0.5987182259559631,
            "count": 100
        },
        "Anime.Policy.ExtrinsicValueEstimate.sum": {
            "value": -58276.3828125,
            "min": -68957.078125,
            "max": -8949.041015625,
            "count": 100
        },
        "Anime.Environment.CumulativeReward.mean": {
            "value": -1.299605010826303,
            "min": -6.113302803461453,
            "max": -1.299605010826303,
            "count": 100
        },
        "Anime.Environment.CumulativeReward.sum": {
            "value": -62390.13775473833,
            "min": -91375.53700333834,
            "max": -60115.03154861927,
            "count": 100
        },
        "Anime.Policy.ExtrinsicReward.mean": {
            "value": -1.299605010826303,
            "min": -6.113302803461453,
            "max": -1.299605010826303,
            "count": 100
        },
        "Anime.Policy.ExtrinsicReward.sum": {
            "value": -62390.13775473833,
            "min": -91375.53700333834,
            "max": -60115.03154861927,
            "count": 100
        },
        "Anime.Losses.PolicyLoss.mean": {
            "value": 0.010299072427854602,
            "min": 0.009872665327202412,
            "max": 0.015614861358092943,
            "count": 100
        },
        "Anime.Losses.PolicyLoss.sum": {
            "value": 0.020598144855709204,
            "min": 0.009872665327202412,
            "max": 0.02878940793501291,
            "count": 100
        },
        "Anime.Losses.ValueLoss.mean": {
            "value": 0.13365985055764518,
            "min": 0.1326707339535157,
            "max": 5.033466752370199,
            "count": 100
        },
        "Anime.Losses.ValueLoss.sum": {
            "value": 0.26731970111529035,
            "min": 0.1326707339535157,
            "max": 5.568971208731334,
            "count": 100
        },
        "Anime.Policy.LearningRate.mean": {
            "value": 3.673859540779993e-06,
            "min": 3.673859540779993e-06,
            "max": 0.0007934460808192402,
            "count": 100
        },
        "Anime.Policy.LearningRate.sum": {
            "value": 7.347719081559986e-06,
            "min": 7.347719081559986e-06,
            "max": 0.0015279054490118203,
            "count": 100
        },
        "Anime.Policy.Epsilon.mean": {
            "value": 0.10091844,
            "min": 0.10091844,
            "max": 0.29836152000000005,
            "count": 100
        },
        "Anime.Policy.Epsilon.sum": {
            "value": 0.20183688,
            "min": 0.10337654,
            "max": 0.5819763599999999,
            "count": 100
        },
        "Anime.Policy.Beta.mean": {
            "value": 3.291507799999995e-05,
            "min": 3.291507799999995e-05,
            "max": 0.004959119924,
            "count": 100
        },
        "Anime.Policy.Beta.sum": {
            "value": 6.58301559999999e-05,
            "min": 6.58301559999999e-05,
            "max": 0.009550310182000001,
            "count": 100
        },
        "Anime.IsTraining.mean": {
            "value": 1.0,
            "min": 1.0,
            "max": 1.0,
            "count": 100
        },
        "Anime.IsTraining.sum": {
            "value": 1.0,
            "min": 1.0,
            "max": 1.0,
            "count": 100
        }
    },
    "metadata": {
        "timer_format_version": "0.1.0",
        "start_time_seconds": "1746481253",
        "python_version": "3.10.12 | packaged by Anaconda, Inc. | (main, Jul  5 2023, 19:01:18) [MSC v.1916 64 bit (AMD64)]",
        "command_line_arguments": "X:\\Anaconda\\envs\\ml-agents_new\\Scripts\\mlagents-learn standUpFromStanding.yaml --run-id AnimeStanding_00 --time-scale 20 --env X:\\Unity\\Room_AI_URP\\AnimeStanding_then_standUp\\A.L.F - AI Life Form Wallpaper.exe --num-env 4 --no-graphics",
        "mlagents_version": "1.1.0",
        "mlagents_envs_version": "1.1.0",
        "communication_protocol_version": "1.5.0",
        "pytorch_version": "2.6.0+cu124",
        "numpy_version": "1.23.5",
        "end_time_seconds": "1746499981"
    },
    "total": 18728.102680700016,
    "count": 1,
    "self": 0.6834031000034884,
    "children": {
        "run_training.setup": {
            "total": 0.2643568000057712,
            "count": 1,
            "self": 0.2643568000057712
        },
        "TrainerController.start_learning": {
            "total": 18727.154920800007,
            "count": 1,
            "self": 29.230821797973476,
            "children": {
                "TrainerController._reset_env": {
                    "total": 5.111384899995755,
                    "count": 1,
                    "self": 5.111384899995755
                },
                "TrainerController.advance": {
                    "total": 18692.70338140207,
                    "count": 1065292,
                    "self": 20.479531013872474,
                    "children": {
                        "env_step": {
                            "total": 2044.8097359286621,
                            "count": 1065292,
                            "self": 1066.3821402012254,
                            "children": {
                                "SubprocessEnvManager._take_step": {
                                    "total": 962.0775477990974,
                                    "count": 2083589,
                                    "self": 38.06411780673079,
                                    "children": {
                                        "TorchPolicy.evaluate": {
                                            "total": 924.0134299923666,
                                            "count": 476194,
                                            "self": 924.0134299923666
                                        }
                                    }
                                },
                                "workers": {
                                    "total": 16.350047928339336,
                                    "count": 1065292,
                                    "self": 0.0,
                                    "children": {
                                        "worker_root": {
                                            "total": 74823.76805760647,
                                            "count": 2083587,
                                            "is_parallel": true,
                                            "self": 63283.21820731647,
                                            "children": {
                                                "steps_from_proto": {
                                                    "total": 0.0056869000545702875,
                                                    "count": 4,